session_id,user_id,persona,channel,started_at,n_turns,completed,abandoned,avg_csat,any_fallback,any_frustration
S0212279e59,U208f6f8c,family,web,2026-09-07T01:02:00,4,True,False,3.5,False,True
S78d2c6b268,U208f6f8c,family,web,2026-09-04T13:39:00,1,False,True,1.0,True,False
S2b4d113c52,U208f6f8c,family,mobile_app,2026-09-04T02:24:00,7,False,True,2.71,True,False
S8c1d1272db,U208f6f8c,family,kiosk,2026-08-29T07:15:00,4,True,False,3.5,False,False
S33382a2655,U208f6f8c,family,mobile_app,2026-08-30T00:47:00,5,True,False,2.8,False,True
Sc60f673b55,U208f6f8c,family,web,2026-08-26T05:40:00,2,True,False,4.5,False,False
S5e7e80c00b,Uea24a0c9,leisure,mobile_app,2026-09-07T07:17:00,6,True,False,3.83,True,False
S43b0ba45ee,U02add602,family,mobile_app,2026-09-05T02:58:00,3,True,False,4.33,False,False
S672657fb3d,U02add602,family,mobile_app,2026-09-01T16:37:00,2,True,False,5.0,False,False
S5edafa7191,U02add602,family,mobile_app,2026-09-04T11:39:00,1,True,False,4.0,False,False
Sb751fe5cd1,U9ac6911f,first_time,in_terminal_wifi,2026-08-31T04:26:00,2,True,False,3.0,False,False
Sb3cbfdb4f7,U4eb4fedd,leisure,mobile_app,2026-08-25T13:34:00,5,True,False,4.8,False,False
S1ab6417036,Uf4cdea23,business,web,2026-09-07T19:05:00,2,True,False,4.5,False,False
Sbfe65677a4,Uf4cdea23,business,kiosk,2026-08-27T05:22:00,3,True,False,2.67,True,False
S3d809013b8,Uf4cdea23,business,mobile_app,2026-08-27T13:39:00,4,False,True,2.75,True,False
S2d6536f380,Uf4cdea23,business,web,2026-09-05T06:18:00,2,True,False,4.5,False,False
Sd73f4534a2,Uf4cdea23,business,web,2026-08-29T15:22:00,1,True,False,4.0,False,False
Scfcc7dbf75,Uf4cdea23,business,web,2026-09-06T23:38:00,3,True,False,4.33,False,False
S9f0c6503ae,U8c13b8b9,business,web,2026-09-02T22:53:00,4,False,True,3.5,True,False
S3bb838a454,U5a53a5c4,family,mobile_app,2026-09-07T01:04:00,5,False,True,3.6,False,False
Sf23062fe71,U8940bd92,leisure,mobile_app,2026-08-31T15:43:00,1,False,True,2.0,True,False
S95cd041670,U9a390306,transit,web,2026-08-27T16:19:00,6,False,True,3.33,False,True
Sf04092af8d,U9a390306,transit,mobile_app,2026-08-29T19:57:00,1,True,False,4.0,False,False
Sac2f2fb6a8,U9a390306,transit,mobile_app,2026-08-30T12:01:00,4,True,False,3.75,True,True
Seae8b23480,U9a390306,transit,mobile_app,2026-09-02T21:50:00,6,True,False,4.17,False,True
S5e6b8ba1ab,U9a1656cf,transit,web,2026-08-31T00:27:00,2,False,True,3.5,False,False
S42808de451,U75fabc26,leisure,kiosk,2026-09-03T09:33:00,2,False,False,4.0,False,False
Sc969d6a4b5,U75fabc26,leisure,web,2026-09-02T22:18:00,2,True,False,5.0,False,False
S0db384c374,U75fabc26,leisure,kiosk,2026-09-07T23:04:00,4,True,False,4.5,False,False
Sb6fdffcece,U75fabc26,leisure,mobile_app,2026-09-06T23:16:00,2,True,False,5.0,False,False
S785dfaacb7,U791ab146,first_time,mobile_app,2026-08-31T09:48:00,2,True,False,5.0,False,False
Sb0425c6d1f,U791ab146,first_time,mobile_app,2026-08-31T21:29:00,8,True,False,3.5,True,True
Sd0140fbe17,U22e3b515,business,mobile_app,2026-09-01T21:24:00,3,True,False,4.33,False,False
Sfb34bebef9,U22e3b515,business,mobile_app,2026-08-26T16:59:00,2,False,False,3.5,False,True
S3bc6650c11,U769a1ab1,transit,web,2026-08-29T15:18:00,6,True,False,4.17,True,False
S8e23085d3e,U769a1ab1,transit,mobile_app,2026-08-26T19:19:00,5,False,True,3.0,True,False
S3123ea6c00,U9b7d3f30,transit,web,2026-09-05T11:37:00,5,True,False,4.4,False,False
Sc7d2173765,Ub18e4a4a,leisure,mobile_app,2026-09-02T11:48:00,4,True,False,4.25,False,False
S6751e02f48,Ue0cb5b41,leisure,mobile_app,2026-08-30T07:34:00,3,False,True,4.0,False,False
S66f1ae55c6,U59e9a4b9,transit,kiosk,2026-09-05T20:48:00,3,True,False,4.0,True,False
S3639116c77,U59e9a4b9,transit,web,2026-08-25T21:02:00,1,True,False,5.0,False,False
Sd6fa50d299,U59e9a4b9,transit,mobile_app,2026-09-05T02:59:00,6,False,True,3.0,True,True
Sd01ad7dc4d,U59e9a4b9,transit,web,2026-08-29T10:36:00,4,True,False,3.75,False,True
S258b8a6e0a,U2b7ff9d4,transit,mobile_app,2026-08-30T22:05:00,4,True,False,3.75,False,False
S10e1184d86,U28426bc9,family,mobile_app,2026-08-30T04:44:00,1,True,False,5.0,False,False
Se4fd2ef94d,U28426bc9,family,web,2026-09-05T19:45:00,4,True,False,5.0,False,False
S5d0627ce83,U28426bc9,family,web,2026-09-01T16:25:00,4,False,True,3.5,True,False
S8dfdac14be,U28426bc9,family,web,2026-08-28T19:37:00,3,True,False,4.33,False,False
Sb810840ba3,U28426bc9,family,web,2026-09-01T00:08:00,2,True,False,4.5,False,False
Sf60cac9900,Ub0293983,leisure,mobile_app,2026-09-03T05:50:00,3,True,False,4.33,False,False
Sd5375a53fa,Ub0293983,leisure,mobile_app,2026-08-28T11:51:00,6,False,True,4.5,False,False
S660c1d6f28,Ue8337a43,business,web,2026-09-01T15:57:00,3,True,False,5.0,False,False
Sfb1b7b44c7,Ud07ea308,business,web,2026-08-25T05:44:00,3,False,False,2.67,False,True
S5afacb2f76,U600ca7a0,family,mobile_app,2026-09-04T00:46:00,1,True,False,4.0,False,False
S093c5f4340,Ua15a794d,leisure,mobile_app,2026-08-28T20:24:00,5,True,False,3.8,False,True
Se76f07550c,Udb0e5657,leisure,in_terminal_wifi,2026-09-02T21:50:00,4,True,False,4.75,False,False
Scf2689f6ef,Udb0e5657,leisure,mobile_app,2026-09-04T06:11:00,7,True,False,3.57,True,True
S9b408243de,U25a4a63c,family,mobile_app,2026-08-29T08:05:00,4,False,True,2.25,True,True
Sce2ebdcbc8,U25a4a63c,family,mobile_app,2026-08-27T23:27:00,4,False,True,3.25,True,False
Sa3e69b3434,U25a4a63c,family,web,2026-09-01T21:22:00,7,True,False,4.0,True,True
Sde8c1d0821,U25a4a63c,family,web,2026-09-05T23:25:00,3,True,False,4.0,False,False
Sb1c947689d,U25a4a63c,family,web,2026-09-06T23:41:00,3,True,False,4.33,False,False
Seca9887f21,U3b3fbfa6,business,mobile_app,2026-08-31T07:18:00,4,True,False,3.5,True,True
S8254c73dc1,U3b3fbfa6,business,in_terminal_wifi,2026-09-06T23:43:00,4,True,False,4.0,False,True
S7e8d32627b,U3b3fbfa6,business,mobile_app,2026-08-29T16:01:00,4,True,False,3.75,True,False
S80917c0ab1,U3b3fbfa6,business,mobile_app,2026-09-01T01:59:00,4,False,False,2.75,True,True
S5f9ae327c1,U7bf847af,business,mobile_app,2026-09-04T08:30:00,3,True,False,3.67,False,False
S08839d473e,U7bf847af,business,mobile_app,2026-08-28T04:16:00,2,True,False,4.5,False,False
S69df200e11,Uc5083d69,first_time,mobile_app,2026-09-04T17:33:00,3,True,False,4.67,False,False
S9f69a2d684,U572b0675,leisure,web,2026-08-25T15:48:00,4,True,False,4.25,False,True
Sb0da7655a2,U4ed11a5e,transit,mobile_app,2026-09-05T09:13:00,3,True,False,4.33,False,False
Sf3379ce315,Udac47e9a,leisure,mobile_app,2026-09-02T07:46:00,3,True,False,3.67,False,True
S7bf40f5023,Udac47e9a,leisure,web,2026-08-25T10:06:00,4,False,False,3.5,False,True
Se80a569bcd,U152abc73,leisure,mobile_app,2026-09-02T12:35:00,2,True,False,4.5,False,False
Sb911fca29d,U03c57942,business,mobile_app,2026-09-01T15:35:00,2,False,True,2.0,False,True
Se6f0a47fd7,Uea5be183,transit,mobile_app,2026-09-05T02:37:00,6,False,True,3.5,False,True
Sa7dcc45540,Uea5be183,transit,mobile_app,2026-09-06T22:02:00,3,True,False,3.33,True,False
S800361ec0c,U5f10ea24,family,web,2026-08-28T14:28:00,1,True,False,4.0,False,True
Scaf495bd98,U5f10ea24,family,in_terminal_wifi,2026-09-03T06:49:00,3,True,False,4.33,False,True
S26b28c28c7,U874d2cd5,first_time,mobile_app,2026-08-26T17:16:00,3,True,False,3.67,False,False
Sc4614f8e40,U61408c64,leisure,mobile_app,2026-08-26T23:52:00,5,False,True,4.4,False,False
S381cd55a0c,U475f81af,family,mobile_app,2026-09-04T23:54:00,2,True,False,4.5,False,False
S8ec60f1df7,U7def2831,family,web,2026-08-27T23:36:00,2,False,True,3.0,False,False
Scda24373f1,Ud77920aa,leisure,web,2026-08-25T21:40:00,3,False,True,4.0,False,False
S2a899ca7aa,Ud77920aa,leisure,mobile_app,2026-09-01T16:02:00,3,False,True,2.33,True,False
S009800250d,U399755b3,first_time,kiosk,2026-09-03T05:32:00,6,True,False,4.67,False,False
Saa47983684,U399755b3,first_time,web,2026-09-03T08:11:00,1,True,False,4.0,False,False
S9e8b7dd0e4,U91d7446b,business,mobile_app,2026-09-04T18:33:00,1,False,True,2.0,False,False
Sca0801b6f2,U91d7446b,business,mobile_app,2026-09-06T12:58:00,4,True,False,3.75,True,False
Sfe85297f57,U91d7446b,business,mobile_app,2026-09-06T22:39:00,2,True,False,4.5,False,False
Sc3e6f728c6,U91d7446b,business,kiosk,2026-08-28T01:31:00,2,True,False,4.5,False,False
S90de479267,U91d7446b,business,mobile_app,2026-09-02T14:46:00,5,True,False,3.2,True,True
S0feb0c9dce,U5f524218,business,web,2026-09-07T13:13:00,6,True,False,4.67,False,False
S1d4bd870dc,U5f524218,business,kiosk,2026-09-05T13:51:00,4,True,False,3.5,False,False
S3235a9e6d3,Uf3d1162c,transit,mobile_app,2026-09-04T09:55:00,5,True,False,4.6,False,True
S00afcd3bb7,Uf3d1162c,transit,mobile_app,2026-09-02T19:08:00,5,True,False,4.0,False,False
Seb87fe1ec1,Uf3d1162c,transit,mobile_app,2026-09-04T19:39:00,1,False,True,1.0,True,True
Sf9ba70a9bc,Uf3d1162c,transit,mobile_app,2026-09-01T11:21:00,4,True,False,3.0,True,True
Sec4c3f31c7,Ub84565c4,business,kiosk,2026-09-03T08:25:00,3,False,True,2.67,True,False
S882d3b5fb8,U46fc6202,first_time,mobile_app,2026-08-29T22:44:00,1,True,False,5.0,False,False
S0e60c3688d,U46fc6202,first_time,kiosk,2026-09-02T17:46:00,4,True,False,4.0,False,False
S04cd0d21cb,U46fc6202,first_time,web,2026-09-07T03:03:00,2,True,False,4.5,False,False
S63cd2d2070,U4ad6e22d,first_time,web,2026-08-26T10:50:00,4,True,False,4.0,False,True
S9e7a7f92fe,U18c54f68,business,in_terminal_wifi,2026-09-05T07:46:00,3,False,True,3.33,False,False
Sbf8a9baf6b,U28fad675,family,web,2026-09-03T21:05:00,2,True,False,5.0,False,False
S8c19915f5b,U28fad675,family,mobile_app,2026-08-31T15:43:00,4,True,False,3.0,True,False
S3ce4fe2173,U28fad675,family,web,2026-08-25T13:10:00,3,False,True,3.67,False,False
Sce9d6658c0,U28fad675,family,web,2026-08-31T01:19:00,3,True,False,5.0,False,False
S5cc9c6362c,U28fad675,family,web,2026-08-30T03:45:00,5,False,False,3.0,True,True
Sd0dda55108,Uff42e585,leisure,mobile_app,2026-08-28T18:25:00,5,True,False,4.8,False,False
S6f715c8bce,U04c5d7ec,business,mobile_app,2026-09-05T21:39:00,4,True,False,4.25,False,False
S7333c568c4,U1acb4e07,leisure,mobile_app,2026-08-26T02:36:00,4,False,True,3.5,False,False
Sc0033c8c95,Ud1134cdb,transit,web,2026-09-06T01:31:00,5,False,True,3.4,True,True
S20b736faed,Ud1134cdb,transit,mobile_app,2026-09-07T05:21:00,1,True,False,5.0,False,False
S79b8a62796,Ud1134cdb,transit,mobile_app,2026-08-28T16:28:00,1,False,True,2.0,False,False
Sf4828e1757,Ud1134cdb,transit,mobile_app,2026-09-02T04:55:00,4,False,True,3.75,False,False
Sfed4a2956d,U1ab9963b,leisure,mobile_app,2026-08-30T22:28:00,4,False,True,4.25,False,False
Sd3bac029f0,U706f6a98,first_time,web,2026-09-02T08:25:00,4,True,False,4.5,False,False
Se7f96940be,U7d799ad4,leisure,web,2026-09-04T05:48:00,4,True,False,3.75,False,True
Sb8ee69caed,U7d799ad4,leisure,web,2026-08-28T04:56:00,8,True,False,4.25,False,False
Sad61f0cd74,U7d799ad4,leisure,mobile_app,2026-08-27T23:47:00,4,True,False,4.5,False,True
S3b6dbada48,U31a0136b,family,mobile_app,2026-09-01T00:58:00,3,False,True,2.67,False,False
S9ec104b3d9,U31a0136b,family,web,2026-09-04T23:51:00,1,False,True,2.0,False,False
Sea857fce0c,U2823d807,transit,web,2026-08-29T06:24:00,5,True,False,3.4,True,True
S0557a8bbac,U169847f6,transit,kiosk,2026-09-04T11:11:00,3,False,True,3.67,True,False
S2bd3fb15b9,Ubf6ed688,business,mobile_app,2026-09-04T22:09:00,6,False,True,3.83,False,True
S6b375af1a0,Ubf6ed688,business,web,2026-08-31T12:11:00,3,False,False,3.33,False,False
Sd2c81c868c,Ubf6ed688,business,web,2026-09-02T10:10:00,4,True,False,3.5,False,False
S56086deafd,Ubf6ed688,business,mobile_app,2026-08-27T23:35:00,6,True,False,2.67,True,True
Sf07b6f3978,Ued4902c1,business,in_terminal_wifi,2026-09-04T16:56:00,5,False,False,3.0,False,True
S1f4e13806e,Ued4902c1,business,mobile_app,2026-08-25T12:53:00,6,True,False,3.83,False,False
S877fbab179,Ued4902c1,business,kiosk,2026-09-05T19:21:00,7,True,False,3.71,False,True
S0b5db53a25,Uc6fc6b7d,transit,web,2026-08-29T18:11:00,2,True,False,4.5,False,False
Sc36ebccd41,Uc6fc6b7d,transit,mobile_app,2026-09-05T09:22:00,4,True,False,3.5,True,False
S470e61951a,Uc6fc6b7d,transit,mobile_app,2026-08-30T09:52:00,3,True,False,3.67,True,False
S6fd14810f0,Ub7a42ae7,leisure,mobile_app,2026-09-03T11:37:00,3,True,False,4.0,False,False
S54be205079,Ub7a42ae7,leisure,mobile_app,2026-08-31T18:13:00,2,True,False,4.0,False,False
S5cf8096674,U779159a9,transit,kiosk,2026-09-02T02:23:00,6,True,False,4.17,False,False
Sf06691453e,U1bcf19e3,business,web,2026-09-01T19:02:00,4,True,False,4.0,False,False
S8cb298dc7e,U290468f2,business,web,2026-09-05T07:55:00,3,False,False,3.67,False,False
S116a890571,U2a37486d,transit,mobile_app,2026-09-05T23:06:00,2,True,False,4.0,False,False
S0839b5afaa,U2a37486d,transit,in_terminal_wifi,2026-09-05T19:17:00,2,True,False,4.0,False,False
S7470d747cc,U10e0e836,leisure,mobile_app,2026-08-26T09:12:00,6,True,False,4.33,False,False
S176f6fc1b4,U4b762324,leisure,in_terminal_wifi,2026-09-03T06:53:00,1,True,False,4.0,False,False
Sad02c851cb,U4b762324,leisure,mobile_app,2026-09-01T17:00:00,7,True,False,4.0,True,False
S0a06f6ee79,U36761ee1,leisure,in_terminal_wifi,2026-09-01T11:16:00,3,True,False,5.0,False,False
S9a6b10c00f,U94e10f38,leisure,web,2026-08-28T16:37:00,4,False,True,4.0,False,False
S99dec2104d,U1007b336,business,in_terminal_wifi,2026-08-30T04:23:00,5,True,False,4.2,False,False
Sa20a1162ff,U1007b336,business,web,2026-08-31T16:37:00,4,True,False,3.5,False,False
Sb7a2eb608a,U1007b336,business,web,2026-09-07T16:32:00,1,True,False,5.0,False,False
S8dc5ffc7d8,U1007b336,business,web,2026-09-02T02:14:00,1,True,False,4.0,False,False
S783ef99d1d,U1007b336,business,mobile_app,2026-09-04T14:53:00,5,True,False,3.2,True,True
Sbf60e83d38,U1007b336,business,mobile_app,2026-08-25T11:30:00,4,True,False,4.0,False,False
Sc58ca259e2,Uf86da7bf,first_time,web,2026-08-31T20:07:00,1,True,False,5.0,False,False
Sfa73c6a677,U8f5f676f,leisure,web,2026-09-08T03:42:00,1,True,False,4.0,False,False
S6309aa437d,U8f5f676f,leisure,mobile_app,2026-09-01T09:11:00,4,False,True,3.25,True,True
S5f4a307b92,U8f5f676f,leisure,web,2026-08-28T04:18:00,4,True,False,4.5,False,False
Sc5318d907b,Uddf2b315,business,mobile_app,2026-08-27T18:03:00,3,True,False,3.67,False,False
S4b61543515,U0c7a1ff7,leisure,web,2026-08-27T21:34:00,3,False,False,4.33,False,True
Sa2dab1c807,U0c7a1ff7,leisure,web,2026-09-03T04:15:00,5,True,False,3.6,False,True
Sb2185a1bfe,Udf9b7a69,leisure,mobile_app,2026-09-01T23:19:00,1,True,False,5.0,False,False
S646ca971c4,Uc0495dea,business,web,2026-08-27T00:42:00,2,True,False,3.0,False,False
Sd9ac9c20f7,Ub91a3a8d,leisure,in_terminal_wifi,2026-09-02T05:07:00,2,True,False,4.0,False,True
Sa4643fc180,U19cf1665,transit,mobile_app,2026-08-27T14:26:00,3,True,False,4.0,False,False
S3f0a1b9c3e,U7555b4a7,leisure,web,2026-09-01T07:54:00,3,True,False,3.67,False,False
Sc725e75868,U58327b35,business,mobile_app,2026-08-29T00:32:00,5,False,True,3.6,False,False
S6aaede4c04,U58327b35,business,mobile_app,2026-08-25T13:31:00,6,True,False,4.0,True,False
S5a2eb18552,U58327b35,business,mobile_app,2026-09-05T01:06:00,1,False,False,3.0,False,False
S6bb4effb96,U58327b35,business,mobile_app,2026-08-27T00:39:00,3,True,False,3.67,False,False
S58f94b2df0,U58327b35,business,web,2026-08-25T19:33:00,1,True,False,5.0,False,False
S8be7dbbe51,U58327b35,business,mobile_app,2026-09-01T10:15:00,5,True,False,3.8,True,False
S45c696ece3,U224166a4,first_time,in_terminal_wifi,2026-08-30T05:04:00,1,True,False,4.0,False,True
Sdde12d9ba7,U38558e0d,leisure,mobile_app,2026-08-29T08:01:00,2,True,False,4.5,False,False
S506f6b9225,Uf54594a6,transit,web,2026-09-04T12:58:00,6,False,True,3.17,False,True
S8ba135fe2c,U89706f4c,business,web,2026-09-06T13:59:00,4,False,True,3.0,True,False
S0d19d0b3e6,U89706f4c,business,mobile_app,2026-09-02T05:23:00,6,True,False,4.83,False,False
S590766f494,U89706f4c,business,mobile_app,2026-09-01T03:42:00,5,True,False,4.8,False,False
S58e9fec45b,U89706f4c,business,kiosk,2026-08-31T19:10:00,3,True,False,3.67,True,False
S567af55150,Uab966859,leisure,web,2026-08-26T02:17:00,3,True,False,5.0,False,False
Sa52a6d4a96,Uab966859,leisure,mobile_app,2026-08-25T18:32:00,1,True,False,5.0,False,False
S58f7111b31,U3c9e5284,family,mobile_app,2026-08-28T19:14:00,4,True,False,4.5,False,False
Sd1eba11d53,U8f41c395,first_time,mobile_app,2026-08-30T20:18:00,4,True,False,4.25,False,False
S083d7d2448,U8f41c395,first_time,mobile_app,2026-08-28T14:18:00,5,True,False,4.4,False,False
S18d711295a,U6ca318f7,leisure,mobile_app,2026-08-30T21:45:00,3,True,False,3.33,True,False
S1ca1e0b63b,U6ca318f7,leisure,mobile_app,2026-08-27T18:16:00,2,True,False,5.0,False,False
S64d70cb82b,U64fa211c,transit,web,2026-09-02T18:41:00,3,True,False,3.67,False,False
S0a3e7d3fcc,U9a1e7138,business,mobile_app,2026-08-25T08:13:00,3,True,False,3.67,True,True
Sfa5e4ccb97,U9a1e7138,business,web,2026-08-26T01:52:00,2,True,False,5.0,False,False
S903af44771,U9a1e7138,business,mobile_app,2026-09-07T03:32:00,4,True,False,3.25,False,True
Sa4456ed5e7,U9efac7b3,leisure,mobile_app,2026-08-26T15:47:00,2,True,False,4.5,False,False
S058e1216e1,U83e187f5,leisure,kiosk,2026-08-29T12:31:00,3,False,False,4.0,False,False
S0bb0364cc0,U83e187f5,leisure,mobile_app,2026-09-04T20:22:00,1,True,False,4.0,False,False
S558b3256df,U83e187f5,leisure,in_terminal_wifi,2026-08-26T03:19:00,3,False,True,4.0,False,False
S4876594205,U854b4d16,leisure,mobile_app,2026-09-05T17:49:00,4,True,False,3.25,True,True
S42a986f621,U520f32ab,leisure,mobile_app,2026-09-02T19:51:00,3,True,False,4.33,False,False
S3a56535b95,Ufba8a5c7,first_time,mobile_app,2026-09-07T11:08:00,2,True,False,3.5,False,False
Sa66867f732,U92d353ea,first_time,mobile_app,2026-08-27T15:50:00,2,True,False,4.0,False,True
S3581d91269,U92d353ea,first_time,kiosk,2026-08-26T21:22:00,2,True,False,4.5,False,False
S922f365cb5,U39e7d904,transit,mobile_app,2026-08-29T02:38:00,5,False,True,2.6,True,True
S455fd772af,U39e7d904,transit,web,2026-09-07T22:54:00,4,True,False,4.25,False,False
Sf30d517c03,U39e7d904,transit,mobile_app,2026-09-07T19:10:00,5,True,False,4.0,False,False
Sb1aac12b52,U39e7d904,transit,web,2026-09-06T08:44:00,3,False,False,4.33,False,False
S2bbcbd02a4,U39e7d904,transit,mobile_app,2026-09-05T04:20:00,4,True,False,4.75,False,False
Sebc7c6c166,U39e7d904,transit,mobile_app,2026-09-06T22:22:00,4,False,True,3.0,True,True
Sc7ad77b4bd,U2e3f89db,leisure,in_terminal_wifi,2026-08-29T09:17:00,4,True,False,2.75,False,True
Sf192ab7322,U71612f31,leisure,web,2026-09-04T14:01:00,4,False,True,3.75,True,False
S7091adda6d,U81d0411b,leisure,mobile_app,2026-09-07T06:06:00,3,True,False,5.0,False,True
Sce36be3e61,U81d0411b,leisure,mobile_app,2026-09-02T02:23:00,6,True,False,4.33,False,False
S6829d14375,U67abdaea,leisure,in_terminal_wifi,2026-08-30T06:44:00,6,True,False,3.67,False,True
Sbc6ceb056c,Ubf7c6424,leisure,web,2026-09-04T06:15:00,3,True,False,4.0,False,True
S0c56c226b4,Ubf7c6424,leisure,mobile_app,2026-08-28T11:51:00,3,True,False,3.67,False,False
S20e89552f8,Uee6dd6ba,first_time,mobile_app,2026-08-28T03:49:00,1,True,False,5.0,False,False
S5fce61a61d,U1b902719,leisure,web,2026-09-04T09:28:00,1,True,False,4.0,False,False
Sb6c644bbcb,U30920b54,business,mobile_app,2026-09-05T22:00:00,4,False,True,4.0,False,False
Scfba988f19,U77112a1e,first_time,mobile_app,2026-08-26T13:25:00,4,False,True,4.0,False,False
S58caeda9bf,U6709b184,leisure,web,2026-09-04T19:40:00,4,True,False,4.25,False,False
S77efc4b161,U6709b184,leisure,web,2026-08-26T20:47:00,3,True,False,4.33,False,False
Sc0e293e82c,U6709b184,leisure,mobile_app,2026-08-31T06:00:00,2,True,False,4.5,False,False
S2eea1d44c2,U6709b184,leisure,mobile_app,2026-08-27T03:51:00,4,True,False,5.0,False,False
S8523ddefd1,Ub4958a21,business,web,2026-08-30T11:25:00,3,True,False,4.33,False,False
Sd7aa196ec0,Ub4958a21,business,mobile_app,2026-08-30T09:14:00,3,False,True,2.67,False,False
Sf9f7fbbce6,Ub4958a21,business,web,2026-08-31T01:52:00,5,True,False,4.6,False,False
S576e9562ef,Ub4958a21,business,mobile_app,2026-09-06T23:00:00,5,True,False,4.8,False,False
S574f2f67fc,Ub4958a21,business,mobile_app,2026-08-27T23:29:00,5,True,False,3.6,True,False
S5a0efeac9a,U265bc1c7,leisure,mobile_app,2026-08-29T23:41:00,4,True,False,4.75,False,False
S1db59e6b43,U570d6b26,business,kiosk,2026-09-06T03:25:00,3,True,False,5.0,False,False
Seed0ecfe2c,U570d6b26,business,kiosk,2026-08-26T00:22:00,6,False,True,4.17,False,False
Sdbf5dc8ca3,U20b50dbc,business,web,2026-09-08T00:07:00,5,True,False,4.2,True,False
Sf54fe896f2,Ud79330c3,family,mobile_app,2026-08-30T23:08:00,3,True,False,4.67,False,False
S4134edc806,Ueb62c01c,leisure,kiosk,2026-08-27T17:42:00,3,True,False,4.33,False,False
Sd57863b58a,Ueb62c01c,leisure,mobile_app,2026-08-26T05:09:00,8,False,True,3.88,True,False
S20c40002c5,Ueb62c01c,leisure,web,2026-09-03T16:37:00,2,True,False,2.5,True,False
S5b4fd9989b,Ucf4d15a3,first_time,kiosk,2026-08-26T19:48:00,6,False,False,4.17,False,False
S440fb7a856,U6f829d10,family,web,2026-09-02T14:25:00,2,True,False,3.0,True,False
See0e7d32ad,U6f829d10,family,mobile_app,2026-09-01T00:47:00,5,True,False,3.2,True,True
S76707dfe29,U6f829d10,family,mobile_app,2026-08-26T07:16:00,1,True,False,4.0,False,False
S9793947e98,U8c562925,leisure,web,2026-09-02T08:03:00,5,False,True,3.2,True,False
S6c2488ab70,U0c0771e9,leisure,web,2026-09-05T06:51:00,2,False,True,2.5,True,False
S8410948013,Ua6ca1f0c,business,web,2026-08-29T15:36:00,2,True,False,4.0,False,False
S97ea323fae,Ua6ca1f0c,business,mobile_app,2026-08-27T13:49:00,3,True,False,4.0,False,False
S1ae29e5e28,Ua6ca1f0c,business,mobile_app,2026-08-29T09:01:00,5,True,False,4.4,False,False
S87ae3d404d,Ua6ca1f0c,business,mobile_app,2026-08-31T16:05:00,2,True,False,4.5,False,False
S19f38bc87d,Ua6ca1f0c,business,in_terminal_wifi,2026-09-03T20:40:00,4,False,True,3.75,False,False
S04ee149a85,Ua6ca1f0c,business,kiosk,2026-09-03T23:23:00,1,True,False,5.0,False,False
S05c348c704,U01ebc28f,leisure,web,2026-08-31T14:20:00,4,False,True,3.0,False,True
Sb17ea883fb,Uafaa6acf,family,mobile_app,2026-09-07T09:17:00,3,False,True,2.33,True,False
Sd71cd26b4c,U77a19f06,leisure,web,2026-08-29T09:12:00,3,True,False,5.0,False,False
S38e35e4729,U77a19f06,leisure,mobile_app,2026-08-29T02:27:00,5,False,True,4.0,False,False
S3726e528fc,U1e893467,business,mobile_app,2026-09-07T22:25:00,4,False,True,2.0,True,True
S7e03a42168,U1e893467,business,mobile_app,2026-09-04T23:30:00,5,False,True,4.0,True,False
Sb08a98af92,Uf9e07810,first_time,mobile_app,2026-09-01T21:35:00,1,True,False,5.0,False,False
Sae8447ae84,Uf9e07810,first_time,in_terminal_wifi,2026-08-25T18:31:00,4,False,True,3.75,False,True
S8e65a9964c,Uf9e07810,first_time,mobile_app,2026-09-04T22:56:00,4,True,False,4.75,False,False
Sdb26897d57,Uf9e07810,first_time,kiosk,2026-09-01T02:30:00,3,True,False,3.33,False,False
S883c540bb1,Ue05775e4,business,web,2026-08-25T11:28:00,5,False,True,3.4,True,False
S09a58cacff,U6f0c0a1d,leisure,in_terminal_wifi,2026-09-02T05:42:00,1,True,False,5.0,False,False
S44e60b658f,U6f0c0a1d,leisure,web,2026-08-28T01:47:00,4,True,False,3.75,True,False
S2ec06e59b1,U6f0c0a1d,leisure,mobile_app,2026-09-01T16:37:00,1,False,False,3.0,False,True
S5368e77c68,Uc4bd5f82,first_time,kiosk,2026-08-28T15:44:00,6,True,False,4.67,False,False
S3f7058a621,Uc4bd5f82,first_time,kiosk,2026-08-29T09:51:00,3,True,False,4.0,False,True
Sab689612f3,U854acf5d,leisure,mobile_app,2026-09-05T04:37:00,5,False,True,3.4,True,False
S6e7f6b2e19,U6d2d0935,transit,web,2026-09-05T15:54:00,3,False,True,4.0,False,False
S9e63b9f45a,U59b22f70,family,mobile_app,2026-09-05T06:34:00,5,False,False,3.8,False,False
S955771db2b,U29d8078e,family,mobile_app,2026-09-01T02:08:00,4,False,True,3.75,False,True
Sfd265218d3,Ue586d03a,transit,in_terminal_wifi,2026-09-03T04:31:00,5,True,False,3.8,False,False
S215f5fbd3f,Ue586d03a,transit,web,2026-09-04T07:23:00,6,False,False,3.67,False,True
Sb0e9ec1186,Ue586d03a,transit,mobile_app,2026-08-28T20:13:00,2,True,False,3.5,False,False
S0e02209893,Ue586d03a,transit,web,2026-09-04T01:19:00,2,True,False,4.5,False,False
S758c97c9ac,Ue586d03a,transit,mobile_app,2026-08-30T21:23:00,1,False,True,1.0,True,False
Sb47f86abde,Ue586d03a,transit,mobile_app,2026-08-27T13:38:00,3,True,False,2.33,True,True
S2a64fe073f,U835149a5,family,web,2026-09-05T07:57:00,6,True,False,4.33,False,False
S24b81da3f7,U1179096f,business,mobile_app,2026-08-28T11:19:00,2,False,True,3.5,False,False
Sa75bc5a3ca,U1179096f,business,mobile_app,2026-08-31T04:20:00,7,True,False,4.0,False,False
S0f9ddbc0ef,U1179096f,business,mobile_app,2026-09-01T16:21:00,6,True,False,2.83,True,True
Sbe6f8aa9f5,U1179096f,business,mobile_app,2026-09-05T23:09:00,4,True,False,4.25,False,False
Sa7a629ce7c,U2491c855,business,mobile_app,2026-08-26T21:23:00,7,True,False,4.43,True,False
S9c48df35f8,U2491c855,business,mobile_app,2026-09-02T19:08:00,5,False,True,3.4,True,True
Sa746176340,U2491c855,business,mobile_app,2026-09-04T23:25:00,5,False,True,3.4,False,False
S0b82cea017,Ucb49f4bc,leisure,web,2026-09-03T12:53:00,1,False,True,2.0,False,True
S4bed5abd64,Udbe23086,family,mobile_app,2026-08-29T05:04:00,1,True,False,4.0,False,False
Sa42d4d99a1,U8620624e,family,mobile_app,2026-09-03T11:15:00,4,True,False,4.75,False,False
S720c93bd19,Uef112eb9,leisure,mobile_app,2026-09-06T00:38:00,4,True,False,4.5,False,False
S2ec8cfc9ea,Uef112eb9,leisure,mobile_app,2026-09-05T06:22:00,2,False,False,2.5,True,True
Scb6c98c5de,U0a1a4e60,transit,mobile_app,2026-08-29T19:50:00,5,True,False,4.0,False,False
S0de5d03309,Ueb626912,leisure,kiosk,2026-09-05T14:39:00,3,True,False,3.33,True,True
Sf8c76b9b2c,U170200b7,business,mobile_app,2026-08-28T15:34:00,1,False,True,2.0,False,False
S117742ce0c,U170200b7,business,kiosk,2026-08-29T04:22:00,3,True,False,3.33,True,False
S198867fb59,U170200b7,business,mobile_app,2026-09-03T03:43:00,3,True,False,4.33,False,False
Sa7649ec15d,U170200b7,business,kiosk,2026-09-01T03:30:00,4,True,False,5.0,False,False
Sa8ad690c75,Udef4b0ea,family,mobile_app,2026-09-01T05:39:00,2,True,False,4.5,False,False
S51f9a866fc,U02b54f2e,transit,mobile_app,2026-08-28T16:09:00,4,False,True,2.75,True,True
Sef9a7ca8e8,U02b54f2e,transit,web,2026-09-08T02:55:00,3,False,True,4.0,False,False
S16a8c507b3,U02b54f2e,transit,kiosk,2026-09-01T02:36:00,4,False,False,4.25,False,False
S44d56d0bd0,U02b54f2e,transit,web,2026-08-27T21:02:00,3,True,False,3.67,False,False
S6560295c8e,U02b54f2e,transit,web,2026-09-01T05:55:00,1,True,False,4.0,False,False
S0e34fe052d,U46f1475f,leisure,mobile_app,2026-08-30T16:02:00,4,True,False,4.25,False,False
S20d3212ed0,U46f1475f,leisure,kiosk,2026-09-07T12:25:00,4,True,False,4.75,False,False
S9089c032ba,Ucfd79c7b,business,in_terminal_wifi,2026-08-26T03:13:00,1,True,False,4.0,False,False
S32baf8e040,Ucfd79c7b,business,kiosk,2026-08-27T20:20:00,1,True,False,5.0,False,False
S14659c5798,Ucfd79c7b,business,mobile_app,2026-08-30T11:47:00,4,False,False,4.0,False,False
S9c265bcffc,Ucfd79c7b,business,kiosk,2026-08-30T07:11:00,3,True,False,3.0,False,False
S553de20e3c,Ucfd79c7b,business,mobile_app,2026-08-25T09:55:00,5,True,False,3.8,False,True
Se4f7872d41,Ucfd79c7b,business,web,2026-08-31T15:40:00,3,False,True,3.67,False,False
S0539e134c4,Uc033fe93,first_time,in_terminal_wifi,2026-08-29T14:48:00,5,True,False,3.4,True,True
S6d498533c4,Ub914f660,transit,web,2026-08-27T14:53:00,4,True,False,3.75,True,False
S3db8103cb8,Uaf9b5504,business,mobile_app,2026-09-05T12:58:00,4,True,False,3.0,True,False
S29dee6df9b,U5899e0bc,leisure,mobile_app,2026-08-30T20:20:00,4,False,True,3.0,True,False
S880eede91a,U75381ce5,transit,mobile_app,2026-08-31T04:24:00,1,True,False,5.0,False,False
S5b783ab74b,U75381ce5,transit,web,2026-08-27T20:04:00,4,False,True,3.0,True,True
Se6ce60f841,U75381ce5,transit,mobile_app,2026-09-03T06:13:00,4,True,False,4.25,False,False
S763fb9af23,Uc4b2db28,first_time,mobile_app,2026-09-07T13:13:00,2,True,False,5.0,False,False
Sc7ab76e730,U90160530,leisure,mobile_app,2026-08-25T14:28:00,3,True,False,4.67,False,False
S86517bd862,U90160530,leisure,mobile_app,2026-08-26T03:36:00,5,True,False,3.8,False,False
Sc58de22f3f,U90160530,leisure,mobile_app,2026-08-31T07:38:00,2,True,False,4.0,False,False
Sfc81200158,Uccbbd752,transit,mobile_app,2026-09-02T22:02:00,1,False,True,2.0,False,False
Sf3b2aa0bcf,U8a26273e,leisure,web,2026-08-28T23:22:00,3,True,False,4.33,False,False
S21111dc923,U1bc98ea9,business,mobile_app,2026-09-06T00:19:00,2,True,False,4.5,False,False
S792f56d4bb,U98dc9974,transit,in_terminal_wifi,2026-09-06T07:30:00,2,True,False,5.0,False,False
S7c3f0991cd,U98dc9974,transit,in_terminal_wifi,2026-09-01T07:32:00,4,True,False,5.0,False,False
Sc9be454e71,U98dc9974,transit,web,2026-08-26T03:33:00,3,True,False,2.33,True,True
S777dfab7c1,U98dc9974,transit,web,2026-08-25T16:03:00,4,True,False,4.5,False,False
S5dd9dbafff,U98dc9974,transit,web,2026-08-30T17:28:00,1,True,False,4.0,False,False
Sc2cc3f1dba,U98dc9974,transit,mobile_app,2026-09-03T05:26:00,4,False,True,3.5,False,False
Sfd7729a3f8,U5cdb8ea1,transit,web,2026-08-29T00:56:00,6,True,False,4.17,False,False
S5bb543dc7f,Uda45a43d,business,web,2026-09-03T06:00:00,7,True,False,4.43,False,True
S727f8b32f6,U79f9b109,leisure,mobile_app,2026-09-06T05:24:00,2,True,False,5.0,False,False
S80db5fd2a0,Ucaae30ec,transit,web,2026-09-02T06:16:00,3,False,True,4.0,False,False
Sae76883b38,Ucaae30ec,transit,in_terminal_wifi,2026-08-28T05:20:00,1,False,True,2.0,False,False
Sde003ebdf1,U79189e32,transit,mobile_app,2026-08-28T19:11:00,4,False,True,3.75,False,False
S7b38338065,U79189e32,transit,web,2026-09-07T04:08:00,3,True,False,5.0,False,False
S478d3c6747,U79189e32,transit,in_terminal_wifi,2026-08-27T05:06:00,5,False,True,3.4,True,True
Sedb73ab71a,Ua4daa8c2,transit,in_terminal_wifi,2026-09-05T15:40:00,2,True,False,4.0,False,False
Sf4899caf3b,Ued529522,transit,kiosk,2026-08-28T12:29:00,2,True,False,3.5,False,False
Sb5e5dab155,U68b423b4,leisure,kiosk,2026-09-01T17:37:00,4,True,False,4.0,False,False
S3ef5b5243b,Ub9f591fd,leisure,mobile_app,2026-09-02T00:54:00,3,True,False,4.33,False,True
S86dad62ecf,U67df1c0d,transit,web,2026-08-31T18:07:00,5,True,False,3.8,False,True
S00a4abedda,U67df1c0d,transit,mobile_app,2026-09-02T23:39:00,4,True,False,3.75,False,False
Sdbe4a3cf72,U9e48d5ef,business,mobile_app,2026-09-06T01:50:00,3,True,False,4.67,False,False
S33bd11a90a,Ud7e99e6c,leisure,web,2026-08-26T07:09:00,6,True,False,3.83,False,True
S67ec8e4426,U10a29533,first_time,web,2026-09-06T08:37:00,1,True,False,5.0,False,False
S45fb5281ba,Ub93e561d,family,kiosk,2026-08-25T14:42:00,1,False,False,3.0,False,False
Sab1af54502,Ub93e561d,family,mobile_app,2026-08-29T15:11:00,3,True,False,4.67,False,False
Se3d75aed81,Ub93e561d,family,mobile_app,2026-09-05T06:08:00,6,False,False,4.33,False,False
S216d73d4e7,U14ea7cb4,first_time,web,2026-09-04T17:08:00,5,True,False,3.2,True,True
Sb08c99e63d,U14ea7cb4,first_time,web,2026-09-01T09:01:00,4,True,False,4.0,False,False
Sc1dc4a553d,U7adadeef,first_time,mobile_app,2026-09-03T23:36:00,6,True,False,3.5,True,True
Se427df3b45,Ub6911b52,first_time,mobile_app,2026-09-05T08:40:00,1,True,False,5.0,False,False
Sabf154dd37,Ub6911b52,first_time,mobile_app,2026-09-03T09:02:00,6,True,False,3.5,True,False
Scff3d0bcb9,U77b24d09,first_time,kiosk,2026-09-06T09:15:00,5,True,False,3.4,True,True
S361990a99b,U478d375a,business,mobile_app,2026-09-03T01:18:00,4,True,False,3.75,True,False
Scd0484f9d8,U478d375a,business,mobile_app,2026-09-01T04:02:00,3,False,True,3.0,True,False
S9ed4a96068,U478d375a,business,in_terminal_wifi,2026-09-02T11:24:00,3,False,False,4.33,False,False
S8473443934,Ud894e57a,family,mobile_app,2026-09-07T06:11:00,2,True,False,4.5,False,False
S7b261f6606,Ud894e57a,family,web,2026-09-02T10:53:00,2,True,False,4.5,False,False
S31f9674d5b,Ud894e57a,family,mobile_app,2026-08-27T08:05:00,5,False,True,3.2,False,True
S09bf9f6492,Ud894e57a,family,web,2026-08-26T22:18:00,4,False,False,2.75,True,False
Seeb2600bc9,Ueb61fb20,family,web,2026-09-07T05:24:00,2,True,False,5.0,False,False
S1476a59b4e,U29788d56,leisure,web,2026-09-07T13:18:00,3,False,True,3.67,False,False
S00e4508525,U491ed438,leisure,web,2026-09-05T23:39:00,5,False,False,4.0,False,False
Sf47d1ea2af,U6ed99996,business,web,2026-09-03T16:41:00,4,True,False,4.75,False,False
S20bf3ee07c,U6ed99996,business,in_terminal_wifi,2026-08-31T22:09:00,3,True,False,5.0,False,False
Sd0c31807d3,Uc83056cb,leisure,mobile_app,2026-09-05T15:03:00,4,False,False,4.5,False,False
S2036e1ac58,Uc8d97975,transit,web,2026-08-28T11:29:00,4,True,False,4.0,False,False
S2484d59de2,Uf964f111,leisure,mobile_app,2026-08-31T13:18:00,4,True,False,2.75,True,False
Sb4ca4884a9,Uaa93cc63,family,mobile_app,2026-08-31T05:21:00,4,True,False,5.0,False,False
Sf83a5afda3,U12aa8c43,leisure,mobile_app,2026-08-31T19:48:00,1,True,False,4.0,False,False
S6043e8f152,U9a7ddd9e,family,mobile_app,2026-09-07T15:51:00,3,True,False,4.67,False,False
S6dec67e47f,U7d137799,leisure,mobile_app,2026-09-03T19:17:00,3,True,False,4.33,False,False
S8b14ed8dc3,U7d137799,leisure,mobile_app,2026-08-31T17:46:00,1,False,True,2.0,False,False
Se9be39a5b0,U99575af8,leisure,mobile_app,2026-08-31T00:18:00,5,True,False,4.0,True,True
Sb4673dc87d,U8cbf7369,business,web,2026-09-02T23:04:00,5,False,True,3.4,True,False
S9ea357a6d3,U8cbf7369,business,mobile_app,2026-08-25T13:23:00,4,False,True,2.25,True,True
S31cd298619,Udfb60780,first_time,mobile_app,2026-08-27T14:23:00,2,False,False,4.0,False,False
S91e89a783c,Udfb60780,first_time,web,2026-08-27T20:54:00,2,True,False,4.5,False,False
Scaac1ac7bf,Udfb60780,first_time,web,2026-09-06T08:47:00,6,True,False,3.67,False,True
S915cd68909,U725f7d4d,first_time,web,2026-08-27T12:57:00,3,True,False,4.67,False,False
Saf88c6e36b,Uc32b1b62,leisure,mobile_app,2026-08-27T06:21:00,4,True,False,4.0,False,False
Sf9ec935635,U15f0adde,business,web,2026-08-25T06:12:00,8,True,False,4.25,False,True
S527cca6b4b,U9cc8bf64,leisure,mobile_app,2026-08-27T05:53:00,5,True,False,4.8,False,False
S0bf7cb87c7,U9cc8bf64,leisure,web,2026-09-03T01:57:00,3,True,False,4.67,False,False
S537817f6a6,U9cc8bf64,leisure,kiosk,2026-09-01T18:00:00,5,False,True,4.0,True,False
Sa7182863b9,U9cc8bf64,leisure,kiosk,2026-09-04T16:28:00,3,True,False,4.67,False,True
Sa8efdf29d2,U9cc8bf64,leisure,web,2026-09-06T08:03:00,6,True,False,3.33,True,True
S53931e5c93,U9cc8bf64,leisure,kiosk,2026-08-29T10:56:00,1,True,False,5.0,False,False
S683105733e,U19d4e947,family,web,2026-09-05T02:40:00,3,True,False,3.0,False,False
S2b05912c1f,U19d4e947,family,mobile_app,2026-08-25T13:34:00,5,False,True,4.0,False,False
S1271443a5f,U19d4e947,family,mobile_app,2026-09-03T18:44:00,1,False,True,2.0,True,False
Se46829640e,U9d8c83b7,leisure,web,2026-08-26T17:09:00,6,True,False,4.33,True,True
S302e4ee180,U88db5ea7,leisure,web,2026-09-02T04:04:00,2,True,False,4.5,False,False
S6f48fac48e,U69ef0b92,transit,mobile_app,2026-09-04T17:16:00,1,True,False,5.0,False,False
S63aec2c8eb,U69ef0b92,transit,kiosk,2026-08-26T15:21:00,1,False,True,1.0,True,False
S6d8771ef24,U969690e4,business,in_terminal_wifi,2026-09-05T06:22:00,5,False,False,4.0,False,False
S39c6bc54e4,U969690e4,business,web,2026-08-25T18:08:00,4,True,False,4.0,False,False
S726cc9ae23,U969690e4,business,mobile_app,2026-09-02T17:30:00,3,True,False,4.67,False,False
S075a1ddf5a,U969690e4,business,web,2026-09-08T01:10:00,1,True,False,5.0,False,False
Sece11f89e1,U969690e4,business,web,2026-08-31T13:19:00,2,True,False,4.5,False,False
S8483334dc3,U969690e4,business,in_terminal_wifi,2026-08-31T11:15:00,2,True,False,4.0,False,False
S5b4187e679,Ua8412804,family,mobile_app,2026-09-06T12:20:00,4,False,False,3.75,False,True
S3164864314,Ua8412804,family,web,2026-09-02T21:42:00,3,True,False,4.33,False,False
Sc58b3ef337,Ue4fb399a,transit,mobile_app,2026-09-06T08:09:00,8,True,False,3.38,True,True
S625cd46ba4,Ud6dcf097,family,mobile_app,2026-08-28T14:00:00,4,True,False,4.25,False,False
S6a1bbfbc95,Ud6dcf097,family,web,2026-08-27T05:05:00,6,False,True,4.33,True,False
Se71ce9057e,U11c20311,business,kiosk,2026-09-05T23:01:00,3,True,False,3.67,False,True
S5b29d19d7d,U11c20311,business,web,2026-08-25T07:07:00,3,True,False,3.33,False,False
Sc792d07941,U11c20311,business,web,2026-09-06T23:33:00,3,True,False,2.67,True,True
Sfd3a0c6e81,U11c20311,business,web,2026-09-07T12:21:00,7,True,False,3.43,True,True
S9c9a90036b,U8a58b965,leisure,in_terminal_wifi,2026-09-06T23:22:00,4,False,True,4.0,False,True
S05d31cf8c5,U8a58b965,leisure,mobile_app,2026-08-27T06:56:00,4,True,False,3.25,False,False
S303075d0e6,U8ecd8825,transit,mobile_app,2026-09-04T03:23:00,3,True,False,3.33,True,True
S170e48db69,U8ecd8825,transit,mobile_app,2026-09-02T22:58:00,3,True,False,4.0,False,False
S3907590b4d,Ud4137c01,leisure,mobile_app,2026-08-29T19:29:00,1,True,False,5.0,False,False
Sd5aa167931,U8a57a17d,business,web,2026-08-27T01:50:00,6,True,False,4.17,True,False
S2fe9e47831,U10e11828,leisure,mobile_app,2026-08-28T09:42:00,4,True,False,4.25,False,False
S10e34bfebd,Uce19bb4b,family,mobile_app,2026-08-31T23:06:00,2,True,False,5.0,False,False
S12e9da757c,Uce19bb4b,family,kiosk,2026-09-05T22:52:00,3,True,False,5.0,False,False
S7ee7d6d704,Uce19bb4b,family,mobile_app,2026-08-31T17:12:00,2,True,False,3.5,True,False
S50bb953599,Uce19bb4b,family,mobile_app,2026-09-03T03:20:00,6,True,False,4.17,False,False
S1a16989072,U9f431159,transit,kiosk,2026-09-04T15:12:00,3,False,True,3.67,False,False
Seb1bfcba03,U9f431159,transit,mobile_app,2026-09-01T10:07:00,4,True,False,3.25,True,False
Sa5feba0439,Ufe064519,business,mobile_app,2026-09-02T13:20:00,4,True,False,3.5,False,False
